"LOCATION","INDICATOR","SUBJECT","MEASURE","FREQUENCY","TIME","Value","Flag Codes"
"AUS","HEALTHEXP","TOT","USD_CAP","A","2000",2156.869,"D"
"AUS","HEALTHEXP","TOT","USD_CAP","A","2001",2271.496,"D"
"AUS","HEALTHEXP","TOT","USD_CAP","A","2002",2426.479,"D"
"AUS","HEALTHEXP","TOT","USD_CAP","A","2003",2546.119,"D"
"AUS","HEALTHEXP","TOT","USD_CAP","A","2004",2745.832,"D"
"AUS","HEALTHEXP","TOT","USD_CAP","A","2005",2842.132,"D"
"AUS","HEALTHEXP","TOT","USD_CAP","A","2006",3023.279,"D"
"AUS","HEALTHEXP","TOT","USD_CAP","A","2007",3196.405,"D"
"AUS","HEALTHEXP","TOT","USD_CAP","A","2008",3310.171,"D"
"AUS","HEALTHEXP","TOT","USD_CAP","A","2009",3564.306,"D"
"AUS","HEALTHEXP","TOT","USD_CAP","A","2010",3607.461,"D"
"AUS","HEALTHEXP","TOT","USD_CAP","A","2011",3794.087,"D"
"AUS","HEALTHEXP","TOT","USD_CAP","A","2012",3807.682,"D"
"AUS","HEALTHEXP","TOT","USD_CAP","A","2013",4185.822,"D"
"AUS","HEALTHEXP","TOT","USD_CAP","A","2014",4288.764,"D"
"AUS","HEALTHEXP","TOT","USD_CAP","A","2015",4492.554,
"AUS","HEALTHEXP","TOT","USD_CAP","A","2016",4708.09,
"AUT","HEALTHEXP","TOT","USD_CAP","A","2000",2701.978,
"AUT","HEALTHEXP","TOT","USD_CAP","A","2001",2760.754,
"AUT","HEALTHEXP","TOT","USD_CAP","A","2002",2929.164,
"AUT","HEALTHEXP","TOT","USD_CAP","A","2003",3065.31,
"AUT","HEALTHEXP","TOT","USD_CAP","A","2004",3246.255,
"AUT","HEALTHEXP","TOT","USD_CAP","A","2005",3340.908,
"AUT","HEALTHEXP","TOT","USD_CAP","A","2006",3551.471,
"AUT","HEALTHEXP","TOT","USD_CAP","A","2007",3710.828,
"AUT","HEALTHEXP","TOT","USD_CAP","A","2008",3955.892,
"AUT","HEALTHEXP","TOT","USD_CAP","A","2009",4128.268,
"AUT","HEALTHEXP","TOT","USD_CAP","A","2010",4237.729,
"AUT","HEALTHEXP","TOT","USD_CAP","A","2011",4383.705,
"AUT","HEALTHEXP","TOT","USD_CAP","A","2012",4683.545,
"AUT","HEALTHEXP","TOT","USD_CAP","A","2013",4860.986,
"AUT","HEALTHEXP","TOT","USD_CAP","A","2014",5000.622,
"AUT","HEALTHEXP","TOT","USD_CAP","A","2015",5100.015,
"AUT","HEALTHEXP","TOT","USD_CAP","A","2016",5227.321,"E"
"BEL","HEALTHEXP","TOT","USD_CAP","A","2000",2221.135,
"BEL","HEALTHEXP","TOT","USD_CAP","A","2001",2352.565,
"BEL","HEALTHEXP","TOT","USD_CAP","A","2002",2518.943,
"BEL","HEALTHEXP","TOT","USD_CAP","A","2003",2822.722,"B"
"BEL","HEALTHEXP","TOT","USD_CAP","A","2004",2938.448,
"BEL","HEALTHEXP","TOT","USD_CAP","A","2005",3007.746,
"BEL","HEALTHEXP","TOT","USD_CAP","A","2006",3158.616,
"BEL","HEALTHEXP","TOT","USD_CAP","A","2007",3298.787,
"BEL","HEALTHEXP","TOT","USD_CAP","A","2008",3561.38,
"BEL","HEALTHEXP","TOT","USD_CAP","A","2009",3831.722,
"BEL","HEALTHEXP","TOT","USD_CAP","A","2010",3980.038,
"BEL","HEALTHEXP","TOT","USD_CAP","A","2011",4158.285,
"BEL","HEALTHEXP","TOT","USD_CAP","A","2012",4313.517,
"BEL","HEALTHEXP","TOT","USD_CAP","A","2013",4504.616,
"BEL","HEALTHEXP","TOT","USD_CAP","A","2014",4656.43,
"BEL","HEALTHEXP","TOT","USD_CAP","A","2015",4778.452,
"BEL","HEALTHEXP","TOT","USD_CAP","A","2016",4839.826,"E"
"CAN","HEALTHEXP","TOT","USD_CAP","A","2000",2421.902,
"CAN","HEALTHEXP","TOT","USD_CAP","A","2001",2608.131,
"CAN","HEALTHEXP","TOT","USD_CAP","A","2002",2742.451,
"CAN","HEALTHEXP","TOT","USD_CAP","A","2003",2913.956,
"CAN","HEALTHEXP","TOT","USD_CAP","A","2004",3076.243,
"CAN","HEALTHEXP","TOT","USD_CAP","A","2005",3282.454,
"CAN","HEALTHEXP","TOT","USD_CAP","A","2006",3499.59,
"CAN","HEALTHEXP","TOT","USD_CAP","A","2007",3667.486,
"CAN","HEALTHEXP","TOT","USD_CAP","A","2008",3812.318,
"CAN","HEALTHEXP","TOT","USD_CAP","A","2009",4101.812,
"CAN","HEALTHEXP","TOT","USD_CAP","A","2010",4227.772,
"CAN","HEALTHEXP","TOT","USD_CAP","A","2011",4247.829,
"CAN","HEALTHEXP","TOT","USD_CAP","A","2012",4308.464,
"CAN","HEALTHEXP","TOT","USD_CAP","A","2013",4460.591,
"CAN","HEALTHEXP","TOT","USD_CAP","A","2014",4502.348,
"CAN","HEALTHEXP","TOT","USD_CAP","A","2015",4532.836,"P"
"CAN","HEALTHEXP","TOT","USD_CAP","A","2016",4643.683,"P"
"CZE","HEALTHEXP","TOT","USD_CAP","A","2000",925.006,"B"
"CZE","HEALTHEXP","TOT","USD_CAP","A","2001",1035.918,
"CZE","HEALTHEXP","TOT","USD_CAP","A","2002",1127.527,
"CZE","HEALTHEXP","TOT","USD_CAP","A","2003",1273.2,"B"
"CZE","HEALTHEXP","TOT","USD_CAP","A","2004",1329.063,
"CZE","HEALTHEXP","TOT","USD_CAP","A","2005",1401.039,
"CZE","HEALTHEXP","TOT","USD_CAP","A","2006",1473.927,
"CZE","HEALTHEXP","TOT","USD_CAP","A","2007",1571.069,
"CZE","HEALTHEXP","TOT","USD_CAP","A","2008",1770.855,
"CZE","HEALTHEXP","TOT","USD_CAP","A","2009",2014.849,
"CZE","HEALTHEXP","TOT","USD_CAP","A","2010",1920.523,
"CZE","HEALTHEXP","TOT","USD_CAP","A","2011",2009.164,
"CZE","HEALTHEXP","TOT","USD_CAP","A","2012",2041.566,
"CZE","HEALTHEXP","TOT","USD_CAP","A","2013",2352.639,"B"
"CZE","HEALTHEXP","TOT","USD_CAP","A","2014",2445.636,
"CZE","HEALTHEXP","TOT","USD_CAP","A","2015",2434.059,
"CZE","HEALTHEXP","TOT","USD_CAP","A","2016",2515.345,"E"
"DNK","HEALTHEXP","TOT","USD_CAP","A","2000",2321.098,
"DNK","HEALTHEXP","TOT","USD_CAP","A","2001",2493.712,
"DNK","HEALTHEXP","TOT","USD_CAP","A","2002",2666.48,
"DNK","HEALTHEXP","TOT","USD_CAP","A","2003",2740.933,"B"
"DNK","HEALTHEXP","TOT","USD_CAP","A","2004",2966.324,
"DNK","HEALTHEXP","TOT","USD_CAP","A","2005",3104.445,
"DNK","HEALTHEXP","TOT","USD_CAP","A","2006",3421.532,
"DNK","HEALTHEXP","TOT","USD_CAP","A","2007",3632.445,
"DNK","HEALTHEXP","TOT","USD_CAP","A","2008",3926.124,
"DNK","HEALTHEXP","TOT","USD_CAP","A","2009",4310.386,
"DNK","HEALTHEXP","TOT","USD_CAP","A","2010",4470.086,
"DNK","HEALTHEXP","TOT","USD_CAP","A","2011",4527.677,"B"
"DNK","HEALTHEXP","TOT","USD_CAP","A","2012",4601.029,
"DNK","HEALTHEXP","TOT","USD_CAP","A","2013",4771.91,
"DNK","HEALTHEXP","TOT","USD_CAP","A","2014",4905.678,
"DNK","HEALTHEXP","TOT","USD_CAP","A","2015",5057.861,
"DNK","HEALTHEXP","TOT","USD_CAP","A","2016",5199.336,"E"
"FIN","HEALTHEXP","TOT","USD_CAP","A","2000",1827.554,"B"
"FIN","HEALTHEXP","TOT","USD_CAP","A","2001",1944.303,
"FIN","HEALTHEXP","TOT","USD_CAP","A","2002",2102.232,
"FIN","HEALTHEXP","TOT","USD_CAP","A","2003",2220.926,
"FIN","HEALTHEXP","TOT","USD_CAP","A","2004",2426.121,
"FIN","HEALTHEXP","TOT","USD_CAP","A","2005",2558.811,
"FIN","HEALTHEXP","TOT","USD_CAP","A","2006",2752.177,
"FIN","HEALTHEXP","TOT","USD_CAP","A","2007",2949.522,
"FIN","HEALTHEXP","TOT","USD_CAP","A","2008",3231.159,
"FIN","HEALTHEXP","TOT","USD_CAP","A","2009",3359.599,
"FIN","HEALTHEXP","TOT","USD_CAP","A","2010",3442.147,
"FIN","HEALTHEXP","TOT","USD_CAP","A","2011",3640.717,
"FIN","HEALTHEXP","TOT","USD_CAP","A","2012",3774.076,
"FIN","HEALTHEXP","TOT","USD_CAP","A","2013",3919.591,
"FIN","HEALTHEXP","TOT","USD_CAP","A","2014",3935.32,
"FIN","HEALTHEXP","TOT","USD_CAP","A","2015",3993.189,
"FIN","HEALTHEXP","TOT","USD_CAP","A","2016",4062.167,"E"
"FRA","HEALTHEXP","TOT","USD_CAP","A","2000",2505.257,
"FRA","HEALTHEXP","TOT","USD_CAP","A","2001",2682.131,
"FRA","HEALTHEXP","TOT","USD_CAP","A","2002",2866.193,
"FRA","HEALTHEXP","TOT","USD_CAP","A","2003",2844.909,"B"
"FRA","HEALTHEXP","TOT","USD_CAP","A","2004",2961.325,
"FRA","HEALTHEXP","TOT","USD_CAP","A","2005",3124.189,
"FRA","HEALTHEXP","TOT","USD_CAP","A","2006",3278.584,
"FRA","HEALTHEXP","TOT","USD_CAP","A","2007",3412.079,
"FRA","HEALTHEXP","TOT","USD_CAP","A","2008",3562.442,
"FRA","HEALTHEXP","TOT","USD_CAP","A","2009",3768.95,
"FRA","HEALTHEXP","TOT","USD_CAP","A","2010",3872.016,
"FRA","HEALTHEXP","TOT","USD_CAP","A","2011",4030.876,
"FRA","HEALTHEXP","TOT","USD_CAP","A","2012",4089.894,
"FRA","HEALTHEXP","TOT","USD_CAP","A","2013",4330.675,
"FRA","HEALTHEXP","TOT","USD_CAP","A","2014",4464.209,
"FRA","HEALTHEXP","TOT","USD_CAP","A","2015",4529.586,
"FRA","HEALTHEXP","TOT","USD_CAP","A","2016",4600.36,"E"
"DEU","HEALTHEXP","TOT","USD_CAP","A","2000",2708.856,
"DEU","HEALTHEXP","TOT","USD_CAP","A","2001",2847.38,
"DEU","HEALTHEXP","TOT","USD_CAP","A","2002",3001.704,
"DEU","HEALTHEXP","TOT","USD_CAP","A","2003",3143.717,
"DEU","HEALTHEXP","TOT","USD_CAP","A","2004",3226.367,
"DEU","HEALTHEXP","TOT","USD_CAP","A","2005",3330.572,
"DEU","HEALTHEXP","TOT","USD_CAP","A","2006",3521.611,
"DEU","HEALTHEXP","TOT","USD_CAP","A","2007",3695.255,
"DEU","HEALTHEXP","TOT","USD_CAP","A","2008",3936.071,
"DEU","HEALTHEXP","TOT","USD_CAP","A","2009",4213.857,
"DEU","HEALTHEXP","TOT","USD_CAP","A","2010",4413.217,
"DEU","HEALTHEXP","TOT","USD_CAP","A","2011",4588.255,
"DEU","HEALTHEXP","TOT","USD_CAP","A","2012",4707.122,
"DEU","HEALTHEXP","TOT","USD_CAP","A","2013",4961.067,
"DEU","HEALTHEXP","TOT","USD_CAP","A","2014",5200.099,
"DEU","HEALTHEXP","TOT","USD_CAP","A","2015",5352.626,
"DEU","HEALTHEXP","TOT","USD_CAP","A","2016",5550.629,"P"
"GRC","HEALTHEXP","TOT","USD_CAP","A","2000",1412.729,
"GRC","HEALTHEXP","TOT","USD_CAP","A","2001",1678.378,
"GRC","HEALTHEXP","TOT","USD_CAP","A","2002",1862.147,
"GRC","HEALTHEXP","TOT","USD_CAP","A","2003",1956.809,
"GRC","HEALTHEXP","TOT","USD_CAP","A","2004",2019.171,
"GRC","HEALTHEXP","TOT","USD_CAP","A","2005",2301.104,
"GRC","HEALTHEXP","TOT","USD_CAP","A","2006",2558.339,
"GRC","HEALTHEXP","TOT","USD_CAP","A","2007",2652.918,
"GRC","HEALTHEXP","TOT","USD_CAP","A","2008",2895.362,"E"
"GRC","HEALTHEXP","TOT","USD_CAP","A","2009",2878.085,"B"
"GRC","HEALTHEXP","TOT","USD_CAP","A","2010",2696.202,
"GRC","HEALTHEXP","TOT","USD_CAP","A","2011",2378.363,
"GRC","HEALTHEXP","TOT","USD_CAP","A","2012",2219.08,
"GRC","HEALTHEXP","TOT","USD_CAP","A","2013",2175.4,
"GRC","HEALTHEXP","TOT","USD_CAP","A","2014",2098.941,
"GRC","HEALTHEXP","TOT","USD_CAP","A","2015",2210.071,
"GRC","HEALTHEXP","TOT","USD_CAP","A","2016",2187.102,"E"
"HUN","HEALTHEXP","TOT","USD_CAP","A","2000",802.907,
"HUN","HEALTHEXP","TOT","USD_CAP","A","2001",904.038,
"HUN","HEALTHEXP","TOT","USD_CAP","A","2002",1034.427,
"HUN","HEALTHEXP","TOT","USD_CAP","A","2003",1255.499,"B"
"HUN","HEALTHEXP","TOT","USD_CAP","A","2004",1261.887,
"HUN","HEALTHEXP","TOT","USD_CAP","A","2005",1366.017,
"HUN","HEALTHEXP","TOT","USD_CAP","A","2006",1429.238,
"HUN","HEALTHEXP","TOT","USD_CAP","A","2007",1373.671,
"HUN","HEALTHEXP","TOT","USD_CAP","A","2008",1468.822,
"HUN","HEALTHEXP","TOT","USD_CAP","A","2009",1498.474,
"HUN","HEALTHEXP","TOT","USD_CAP","A","2010",1622.521,
"HUN","HEALTHEXP","TOT","USD_CAP","A","2011",1722.903,
"HUN","HEALTHEXP","TOT","USD_CAP","A","2012",1724.266,
"HUN","HEALTHEXP","TOT","USD_CAP","A","2013",1775.902,
"HUN","HEALTHEXP","TOT","USD_CAP","A","2014",1820.5,
"HUN","HEALTHEXP","TOT","USD_CAP","A","2015",1912.959,
"HUN","HEALTHEXP","TOT","USD_CAP","A","2016",2101.058,"P"
"ISL","HEALTHEXP","TOT","USD_CAP","A","2000",2657.336,
"ISL","HEALTHEXP","TOT","USD_CAP","A","2001",2808.04,
"ISL","HEALTHEXP","TOT","USD_CAP","A","2002",3086.462,
"ISL","HEALTHEXP","TOT","USD_CAP","A","2003",3254.471,
"ISL","HEALTHEXP","TOT","USD_CAP","A","2004",3372.522,"D"
"ISL","HEALTHEXP","TOT","USD_CAP","A","2005",3405.817,"D"
"ISL","HEALTHEXP","TOT","USD_CAP","A","2006",3453.849,"D"
"ISL","HEALTHEXP","TOT","USD_CAP","A","2007",3551.539,"D"
"ISL","HEALTHEXP","TOT","USD_CAP","A","2008",3719.768,"D"
"ISL","HEALTHEXP","TOT","USD_CAP","A","2009",3719.802,"D"
"ISL","HEALTHEXP","TOT","USD_CAP","A","2010",3383.361,"D"
"ISL","HEALTHEXP","TOT","USD_CAP","A","2011",3410.548,"D"
"ISL","HEALTHEXP","TOT","USD_CAP","A","2012",3518.565,"D"
"ISL","HEALTHEXP","TOT","USD_CAP","A","2013",3707.433,"D"
"ISL","HEALTHEXP","TOT","USD_CAP","A","2014",3890.574,"D"
"ISL","HEALTHEXP","TOT","USD_CAP","A","2015",4105.674,"D"
"ISL","HEALTHEXP","TOT","USD_CAP","A","2016",4376.348,
"IRL","HEALTHEXP","TOT","USD_CAP","A","2000",1780.718,
"IRL","HEALTHEXP","TOT","USD_CAP","A","2001",2087.515,
"IRL","HEALTHEXP","TOT","USD_CAP","A","2002",2350.234,
"IRL","HEALTHEXP","TOT","USD_CAP","A","2003",2539.614,
"IRL","HEALTHEXP","TOT","USD_CAP","A","2004",2795.872,
"IRL","HEALTHEXP","TOT","USD_CAP","A","2005",3092.606,
"IRL","HEALTHEXP","TOT","USD_CAP","A","2006",3323.175,
"IRL","HEALTHEXP","TOT","USD_CAP","A","2007",3646.991,
"IRL","HEALTHEXP","TOT","USD_CAP","A","2008",4030.72,
"IRL","HEALTHEXP","TOT","USD_CAP","A","2009",4369.253,
"IRL","HEALTHEXP","TOT","USD_CAP","A","2010",4555.911,
"IRL","HEALTHEXP","TOT","USD_CAP","A","2011",4518.147,
"IRL","HEALTHEXP","TOT","USD_CAP","A","2012",4683.466,
"IRL","HEALTHEXP","TOT","USD_CAP","A","2013",5033.368,"B"
"IRL","HEALTHEXP","TOT","USD_CAP","A","2014",5082.045,
"IRL","HEALTHEXP","TOT","USD_CAP","A","2015",5275.77,
"IRL","HEALTHEXP","TOT","USD_CAP","A","2016",5528.412,"E"
"ITA","HEALTHEXP","TOT","USD_CAP","A","2000",2047.185,
"ITA","HEALTHEXP","TOT","USD_CAP","A","2001",2175.028,
"ITA","HEALTHEXP","TOT","USD_CAP","A","2002",2260.688,
"ITA","HEALTHEXP","TOT","USD_CAP","A","2003",2284.319,
"ITA","HEALTHEXP","TOT","USD_CAP","A","2004",2412.793,
"ITA","HEALTHEXP","TOT","USD_CAP","A","2005",2512.69,
"ITA","HEALTHEXP","TOT","USD_CAP","A","2006",2736.757,
"ITA","HEALTHEXP","TOT","USD_CAP","A","2007",2773.989,
"ITA","HEALTHEXP","TOT","USD_CAP","A","2008",3031.138,
"ITA","HEALTHEXP","TOT","USD_CAP","A","2009",3101.328,
"ITA","HEALTHEXP","TOT","USD_CAP","A","2010",3140.547,
"ITA","HEALTHEXP","TOT","USD_CAP","A","2011",3211.158,
"ITA","HEALTHEXP","TOT","USD_CAP","A","2012",3245.418,"B"
"ITA","HEALTHEXP","TOT","USD_CAP","A","2013",3234.555,
"ITA","HEALTHEXP","TOT","USD_CAP","A","2014",3270.619,
"ITA","HEALTHEXP","TOT","USD_CAP","A","2015",3351.594,
"ITA","HEALTHEXP","TOT","USD_CAP","A","2016",3391.186,"P"
"JPN","HEALTHEXP","TOT","USD_CAP","A","2000",1914.851,
"JPN","HEALTHEXP","TOT","USD_CAP","A","2001",2019.825,
"JPN","HEALTHEXP","TOT","USD_CAP","A","2002",2104.673,
"JPN","HEALTHEXP","TOT","USD_CAP","A","2003",2198.843,
"JPN","HEALTHEXP","TOT","USD_CAP","A","2004",2327.818,
"JPN","HEALTHEXP","TOT","USD_CAP","A","2005",2463.725,
"JPN","HEALTHEXP","TOT","USD_CAP","A","2006",2580.146,
"JPN","HEALTHEXP","TOT","USD_CAP","A","2007",2723.832,
"JPN","HEALTHEXP","TOT","USD_CAP","A","2008",2852.863,
"JPN","HEALTHEXP","TOT","USD_CAP","A","2009",2998.593,
"JPN","HEALTHEXP","TOT","USD_CAP","A","2010",3204.85,
"JPN","HEALTHEXP","TOT","USD_CAP","A","2011",3798.062,"B"
"JPN","HEALTHEXP","TOT","USD_CAP","A","2012",4014.337,
"JPN","HEALTHEXP","TOT","USD_CAP","A","2013",4206.951,
"JPN","HEALTHEXP","TOT","USD_CAP","A","2014",4269.191,
"JPN","HEALTHEXP","TOT","USD_CAP","A","2015",4435.64,"P"
"JPN","HEALTHEXP","TOT","USD_CAP","A","2016",4519.312,"E"
"KOR","HEALTHEXP","TOT","USD_CAP","A","2000",723.058,
"KOR","HEALTHEXP","TOT","USD_CAP","A","2001",868.176,
"KOR","HEALTHEXP","TOT","USD_CAP","A","2002",909.178,
"KOR","HEALTHEXP","TOT","USD_CAP","A","2003",1016.312,
"KOR","HEALTHEXP","TOT","USD_CAP","A","2004",1096.188,
"KOR","HEALTHEXP","TOT","USD_CAP","A","2005",1229.758,
"KOR","HEALTHEXP","TOT","USD_CAP","A","2006",1419.891,
"KOR","HEALTHEXP","TOT","USD_CAP","A","2007",1575.199,
"KOR","HEALTHEXP","TOT","USD_CAP","A","2008",1666.957,
"KOR","HEALTHEXP","TOT","USD_CAP","A","2009",1801.872,
"KOR","HEALTHEXP","TOT","USD_CAP","A","2010",1975.962,
"KOR","HEALTHEXP","TOT","USD_CAP","A","2011",2048.103,
"KOR","HEALTHEXP","TOT","USD_CAP","A","2012",2159.339,
"KOR","HEALTHEXP","TOT","USD_CAP","A","2013",2252.095,
"KOR","HEALTHEXP","TOT","USD_CAP","A","2014",2396.231,
"KOR","HEALTHEXP","TOT","USD_CAP","A","2015",2534.938,
"KOR","HEALTHEXP","TOT","USD_CAP","A","2016",2728.806,"P"
"LUX","HEALTHEXP","TOT","USD_CAP","A","2000",3405.253,"B"
"LUX","HEALTHEXP","TOT","USD_CAP","A","2001",3739.311,
"LUX","HEALTHEXP","TOT","USD_CAP","A","2002",4123.523,
"LUX","HEALTHEXP","TOT","USD_CAP","A","2003",4360.998,
"LUX","HEALTHEXP","TOT","USD_CAP","A","2004",4906.7,
"LUX","HEALTHEXP","TOT","USD_CAP","A","2005",5125.507,
"LUX","HEALTHEXP","TOT","USD_CAP","A","2006",5496.808,
"LUX","HEALTHEXP","TOT","USD_CAP","A","2007",5511.928,
"LUX","HEALTHEXP","TOT","USD_CAP","A","2008",5979.619,
"LUX","HEALTHEXP","TOT","USD_CAP","A","2009",6393.415,
"LUX","HEALTHEXP","TOT","USD_CAP","A","2010",6386.501,
"LUX","HEALTHEXP","TOT","USD_CAP","A","2011",5969.814,"B"
"LUX","HEALTHEXP","TOT","USD_CAP","A","2012",6403.105,
"LUX","HEALTHEXP","TOT","USD_CAP","A","2013",6692.835,
"LUX","HEALTHEXP","TOT","USD_CAP","A","2014",6850.289,"P"
"LUX","HEALTHEXP","TOT","USD_CAP","A","2015",6817.898,"P"
"LUX","HEALTHEXP","TOT","USD_CAP","A","2016",7462.78,"P"
"MEX","HEALTHEXP","TOT","USD_CAP","A","2000",484.387,
"MEX","HEALTHEXP","TOT","USD_CAP","A","2001",529.253,
"MEX","HEALTHEXP","TOT","USD_CAP","A","2002",557.88,
"MEX","HEALTHEXP","TOT","USD_CAP","A","2003",642.591,"B"
"MEX","HEALTHEXP","TOT","USD_CAP","A","2004",691.853,
"MEX","HEALTHEXP","TOT","USD_CAP","A","2005",730.816,
"MEX","HEALTHEXP","TOT","USD_CAP","A","2006",771.725,
"MEX","HEALTHEXP","TOT","USD_CAP","A","2007",822.367,
"MEX","HEALTHEXP","TOT","USD_CAP","A","2008",846.849,
"MEX","HEALTHEXP","TOT","USD_CAP","A","2009",889.163,
"MEX","HEALTHEXP","TOT","USD_CAP","A","2010",911.351,
"MEX","HEALTHEXP","TOT","USD_CAP","A","2011",942.472,
"MEX","HEALTHEXP","TOT","USD_CAP","A","2012",1005.894,
"MEX","HEALTHEXP","TOT","USD_CAP","A","2013",1038.243,
"MEX","HEALTHEXP","TOT","USD_CAP","A","2014",1026.368,
"MEX","HEALTHEXP","TOT","USD_CAP","A","2015",1054.484,
"MEX","HEALTHEXP","TOT","USD_CAP","A","2016",1080.314,"E"
"NLD","HEALTHEXP","TOT","USD_CAP","A","2000",2227.897,
"NLD","HEALTHEXP","TOT","USD_CAP","A","2001",2449.074,
"NLD","HEALTHEXP","TOT","USD_CAP","A","2002",2703.744,
"NLD","HEALTHEXP","TOT","USD_CAP","A","2003",2850.19,
"NLD","HEALTHEXP","TOT","USD_CAP","A","2004",3019.973,
"NLD","HEALTHEXP","TOT","USD_CAP","A","2005",3454.707,"B"
"NLD","HEALTHEXP","TOT","USD_CAP","A","2006",3729.846,
"NLD","HEALTHEXP","TOT","USD_CAP","A","2007",4014.598,
"NLD","HEALTHEXP","TOT","USD_CAP","A","2008",4360,
"NLD","HEALTHEXP","TOT","USD_CAP","A","2009",4513.201,
"NLD","HEALTHEXP","TOT","USD_CAP","A","2010",4638.18,
"NLD","HEALTHEXP","TOT","USD_CAP","A","2011",4846.444,
"NLD","HEALTHEXP","TOT","USD_CAP","A","2012",5092.812,
"NLD","HEALTHEXP","TOT","USD_CAP","A","2013",5303.365,
"NLD","HEALTHEXP","TOT","USD_CAP","A","2014",5321.988,
"NLD","HEALTHEXP","TOT","USD_CAP","A","2015",5296.708,
"NLD","HEALTHEXP","TOT","USD_CAP","A","2016",5385.413,"P"
"NZL","HEALTHEXP","TOT","USD_CAP","A","2000",1606.789,
"NZL","HEALTHEXP","TOT","USD_CAP","A","2001",1705.861,
"NZL","HEALTHEXP","TOT","USD_CAP","A","2002",1841.303,
"NZL","HEALTHEXP","TOT","USD_CAP","A","2003",1850.39,
"NZL","HEALTHEXP","TOT","USD_CAP","A","2004",1982.058,
"NZL","HEALTHEXP","TOT","USD_CAP","A","2005",2124.382,
"NZL","HEALTHEXP","TOT","USD_CAP","A","2006",2397.185,
"NZL","HEALTHEXP","TOT","USD_CAP","A","2007",2445.412,
"NZL","HEALTHEXP","TOT","USD_CAP","A","2008",2729.96,
"NZL","HEALTHEXP","TOT","USD_CAP","A","2009",2968.785,"P"
"NZL","HEALTHEXP","TOT","USD_CAP","A","2010",3019.79,"P"
"NZL","HEALTHEXP","TOT","USD_CAP","A","2011",3130.806,"P"
"NZL","HEALTHEXP","TOT","USD_CAP","A","2012",3199.463,"P"
"NZL","HEALTHEXP","TOT","USD_CAP","A","2013",3402.372,"P"
"NZL","HEALTHEXP","TOT","USD_CAP","A","2014",3496.232,"E"
"NZL","HEALTHEXP","TOT","USD_CAP","A","2015",3544.562,"E"
"NZL","HEALTHEXP","TOT","USD_CAP","A","2016",3589.587,"E"
"NOR","HEALTHEXP","TOT","USD_CAP","A","2000",2846.801,
"NOR","HEALTHEXP","TOT","USD_CAP","A","2001",3037.686,"B"
"NOR","HEALTHEXP","TOT","USD_CAP","A","2002",3418.466,
"NOR","HEALTHEXP","TOT","USD_CAP","A","2003",3552.148,
"NOR","HEALTHEXP","TOT","USD_CAP","A","2004",3752.628,
"NOR","HEALTHEXP","TOT","USD_CAP","A","2005",3980.768,
"NOR","HEALTHEXP","TOT","USD_CAP","A","2006",4283.583,
"NOR","HEALTHEXP","TOT","USD_CAP","A","2007",4496.772,
"NOR","HEALTHEXP","TOT","USD_CAP","A","2008",4913.108,
"NOR","HEALTHEXP","TOT","USD_CAP","A","2009",5030.089,
"NOR","HEALTHEXP","TOT","USD_CAP","A","2010",5167.614,
"NOR","HEALTHEXP","TOT","USD_CAP","A","2011",5455.725,
"NOR","HEALTHEXP","TOT","USD_CAP","A","2012",5736.767,
"NOR","HEALTHEXP","TOT","USD_CAP","A","2013",5979.332,
"NOR","HEALTHEXP","TOT","USD_CAP","A","2014",6136.327,
"NOR","HEALTHEXP","TOT","USD_CAP","A","2015",6190.144,
"NOR","HEALTHEXP","TOT","USD_CAP","A","2016",6647.461,"P"
"POL","HEALTHEXP","TOT","USD_CAP","A","2000",563.975,
"POL","HEALTHEXP","TOT","USD_CAP","A","2001",631.889,
"POL","HEALTHEXP","TOT","USD_CAP","A","2002",716.194,"B"
"POL","HEALTHEXP","TOT","USD_CAP","A","2003",730.766,
"POL","HEALTHEXP","TOT","USD_CAP","A","2004",783.498,
"POL","HEALTHEXP","TOT","USD_CAP","A","2005",806.974,
"POL","HEALTHEXP","TOT","USD_CAP","A","2006",878.853,
"POL","HEALTHEXP","TOT","USD_CAP","A","2007",985.554,
"POL","HEALTHEXP","TOT","USD_CAP","A","2008",1167.002,
"POL","HEALTHEXP","TOT","USD_CAP","A","2009",1269.033,
"POL","HEALTHEXP","TOT","USD_CAP","A","2010",1353.719,"B"
"POL","HEALTHEXP","TOT","USD_CAP","A","2011",1424.472,
"POL","HEALTHEXP","TOT","USD_CAP","A","2012",1477.91,
"POL","HEALTHEXP","TOT","USD_CAP","A","2013",1575.972,
"POL","HEALTHEXP","TOT","USD_CAP","A","2014",1606.364,
"POL","HEALTHEXP","TOT","USD_CAP","A","2015",1703.634,
"POL","HEALTHEXP","TOT","USD_CAP","A","2016",1797.756,"P"
"PRT","HEALTHEXP","TOT","USD_CAP","A","2000",1580.524,"B"
"PRT","HEALTHEXP","TOT","USD_CAP","A","2001",1645.962,
"PRT","HEALTHEXP","TOT","USD_CAP","A","2002",1743.074,
"PRT","HEALTHEXP","TOT","USD_CAP","A","2003",1855.043,
"PRT","HEALTHEXP","TOT","USD_CAP","A","2004",1997.674,
"PRT","HEALTHEXP","TOT","USD_CAP","A","2005",2145.119,
"PRT","HEALTHEXP","TOT","USD_CAP","A","2006",2253.854,
"PRT","HEALTHEXP","TOT","USD_CAP","A","2007",2329.54,
"PRT","HEALTHEXP","TOT","USD_CAP","A","2008",2490.719,
"PRT","HEALTHEXP","TOT","USD_CAP","A","2009",2617.544,
"PRT","HEALTHEXP","TOT","USD_CAP","A","2010",2686.703,
"PRT","HEALTHEXP","TOT","USD_CAP","A","2011",2552.465,
"PRT","HEALTHEXP","TOT","USD_CAP","A","2012",2472.998,
"PRT","HEALTHEXP","TOT","USD_CAP","A","2013",2535.937,
"PRT","HEALTHEXP","TOT","USD_CAP","A","2014",2598.997,
"PRT","HEALTHEXP","TOT","USD_CAP","A","2015",2663.699,
"PRT","HEALTHEXP","TOT","USD_CAP","A","2016",2734.399,"P"
"SVK","HEALTHEXP","TOT","USD_CAP","A","2000",602.869,
"SVK","HEALTHEXP","TOT","USD_CAP","A","2001",662.166,
"SVK","HEALTHEXP","TOT","USD_CAP","A","2002",733.433,
"SVK","HEALTHEXP","TOT","USD_CAP","A","2003",771.757,
"SVK","HEALTHEXP","TOT","USD_CAP","A","2004",984.851,"B"
"SVK","HEALTHEXP","TOT","USD_CAP","A","2005",1096.319,"B"
"SVK","HEALTHEXP","TOT","USD_CAP","A","2006",1295.159,
"SVK","HEALTHEXP","TOT","USD_CAP","A","2007",1521.137,
"SVK","HEALTHEXP","TOT","USD_CAP","A","2008",1650.453,"B"
"SVK","HEALTHEXP","TOT","USD_CAP","A","2009",1836.648,
"SVK","HEALTHEXP","TOT","USD_CAP","A","2010",1951.103,
"SVK","HEALTHEXP","TOT","USD_CAP","A","2011",1916.527,
"SVK","HEALTHEXP","TOT","USD_CAP","A","2012",2034.222,
"SVK","HEALTHEXP","TOT","USD_CAP","A","2013",2100.08,
"SVK","HEALTHEXP","TOT","USD_CAP","A","2014",2008.512,"B"
"SVK","HEALTHEXP","TOT","USD_CAP","A","2015",2059.383,
"SVK","HEALTHEXP","TOT","USD_CAP","A","2016",2149.505,"E"
"ESP","HEALTHEXP","TOT","USD_CAP","A","2000",1466.635,
"ESP","HEALTHEXP","TOT","USD_CAP","A","2001",1557.637,
"ESP","HEALTHEXP","TOT","USD_CAP","A","2002",1657.397,
"ESP","HEALTHEXP","TOT","USD_CAP","A","2003",1886.648,"B"
"ESP","HEALTHEXP","TOT","USD_CAP","A","2004",1996.108,
"ESP","HEALTHEXP","TOT","USD_CAP","A","2005",2126.553,
"ESP","HEALTHEXP","TOT","USD_CAP","A","2006",2391.155,
"ESP","HEALTHEXP","TOT","USD_CAP","A","2007",2553.534,
"ESP","HEALTHEXP","TOT","USD_CAP","A","2008",2773.787,
"ESP","HEALTHEXP","TOT","USD_CAP","A","2009",2914.534,
"ESP","HEALTHEXP","TOT","USD_CAP","A","2010",2885.67,
"ESP","HEALTHEXP","TOT","USD_CAP","A","2011",2915.393,
"ESP","HEALTHEXP","TOT","USD_CAP","A","2012",2902.135,
"ESP","HEALTHEXP","TOT","USD_CAP","A","2013",2940.511,
"ESP","HEALTHEXP","TOT","USD_CAP","A","2014",3057.308,
"ESP","HEALTHEXP","TOT","USD_CAP","A","2015",3180.049,
"ESP","HEALTHEXP","TOT","USD_CAP","A","2016",3248.381,"E"
"SWE","HEALTHEXP","TOT","USD_CAP","A","2000",2168.733,
"SWE","HEALTHEXP","TOT","USD_CAP","A","2001",2386.307,"B"
"SWE","HEALTHEXP","TOT","USD_CAP","A","2002",2557.783,
"SWE","HEALTHEXP","TOT","USD_CAP","A","2003",2663.661,
"SWE","HEALTHEXP","TOT","USD_CAP","A","2004",2771.832,
"SWE","HEALTHEXP","TOT","USD_CAP","A","2005",2811.599,
"SWE","HEALTHEXP","TOT","USD_CAP","A","2006",3055.488,
"SWE","HEALTHEXP","TOT","USD_CAP","A","2007",3275.087,
"SWE","HEALTHEXP","TOT","USD_CAP","A","2008",3479.332,
"SWE","HEALTHEXP","TOT","USD_CAP","A","2009",3550.359,
"SWE","HEALTHEXP","TOT","USD_CAP","A","2010",3536.1,
"SWE","HEALTHEXP","TOT","USD_CAP","A","2011",4672.594,"B"
"SWE","HEALTHEXP","TOT","USD_CAP","A","2012",4892.112,
"SWE","HEALTHEXP","TOT","USD_CAP","A","2013",5070.086,
"SWE","HEALTHEXP","TOT","USD_CAP","A","2014",5170.078,
"SWE","HEALTHEXP","TOT","USD_CAP","A","2015",5266.333,
"SWE","HEALTHEXP","TOT","USD_CAP","A","2016",5487.521,"P"
"CHE","HEALTHEXP","TOT","USD_CAP","A","2000",3331.508,
"CHE","HEALTHEXP","TOT","USD_CAP","A","2001",3572.655,
"CHE","HEALTHEXP","TOT","USD_CAP","A","2002",3804.735,
"CHE","HEALTHEXP","TOT","USD_CAP","A","2003",3909.028,
"CHE","HEALTHEXP","TOT","USD_CAP","A","2004",4079.186,
"CHE","HEALTHEXP","TOT","USD_CAP","A","2005",4149.15,
"CHE","HEALTHEXP","TOT","USD_CAP","A","2006",4408.357,
"CHE","HEALTHEXP","TOT","USD_CAP","A","2007",4766.049,
"CHE","HEALTHEXP","TOT","USD_CAP","A","2008",5116.851,
"CHE","HEALTHEXP","TOT","USD_CAP","A","2009",5363.601,
"CHE","HEALTHEXP","TOT","USD_CAP","A","2010",5686.282,"B"
"CHE","HEALTHEXP","TOT","USD_CAP","A","2011",6047.647,
"CHE","HEALTHEXP","TOT","USD_CAP","A","2012",6391.123,
"CHE","HEALTHEXP","TOT","USD_CAP","A","2013",6793.522,
"CHE","HEALTHEXP","TOT","USD_CAP","A","2014",7096.073,
"CHE","HEALTHEXP","TOT","USD_CAP","A","2015",7535.588,
"CHE","HEALTHEXP","TOT","USD_CAP","A","2016",7919.022,"P"
"TUR","HEALTHEXP","TOT","USD_CAP","A","2000",425.341,
"TUR","HEALTHEXP","TOT","USD_CAP","A","2001",448.037,
"TUR","HEALTHEXP","TOT","USD_CAP","A","2002",469.736,
"TUR","HEALTHEXP","TOT","USD_CAP","A","2003",480.681,
"TUR","HEALTHEXP","TOT","USD_CAP","A","2004",534.275,
"TUR","HEALTHEXP","TOT","USD_CAP","A","2005",582.888,
"TUR","HEALTHEXP","TOT","USD_CAP","A","2006",701.654,
"TUR","HEALTHEXP","TOT","USD_CAP","A","2007",777.41,
"TUR","HEALTHEXP","TOT","USD_CAP","A","2008",836.811,
"TUR","HEALTHEXP","TOT","USD_CAP","A","2009",849.522,
"TUR","HEALTHEXP","TOT","USD_CAP","A","2010",872.512,
"TUR","HEALTHEXP","TOT","USD_CAP","A","2011",911.571,
"TUR","HEALTHEXP","TOT","USD_CAP","A","2012",916.772,
"TUR","HEALTHEXP","TOT","USD_CAP","A","2013",977.933,
"TUR","HEALTHEXP","TOT","USD_CAP","A","2014",1002.747,
"TUR","HEALTHEXP","TOT","USD_CAP","A","2015",996.641,
"TUR","HEALTHEXP","TOT","USD_CAP","A","2016",1087.503,"E"
"GBR","HEALTHEXP","TOT","USD_CAP","A","2000",1564.994,
"GBR","HEALTHEXP","TOT","USD_CAP","A","2001",1737.606,
"GBR","HEALTHEXP","TOT","USD_CAP","A","2002",1896.101,
"GBR","HEALTHEXP","TOT","USD_CAP","A","2003",2058.797,
"GBR","HEALTHEXP","TOT","USD_CAP","A","2004",2243.994,
"GBR","HEALTHEXP","TOT","USD_CAP","A","2005",2336.54,
"GBR","HEALTHEXP","TOT","USD_CAP","A","2006",2535.221,
"GBR","HEALTHEXP","TOT","USD_CAP","A","2007",2632.6,
"GBR","HEALTHEXP","TOT","USD_CAP","A","2008",2792.232,
"GBR","HEALTHEXP","TOT","USD_CAP","A","2009",2951.03,
"GBR","HEALTHEXP","TOT","USD_CAP","A","2010",3040.683,
"GBR","HEALTHEXP","TOT","USD_CAP","A","2011",3083.7,
"GBR","HEALTHEXP","TOT","USD_CAP","A","2012",3176.53,
"GBR","HEALTHEXP","TOT","USD_CAP","A","2013",3845.006,"B"
"GBR","HEALTHEXP","TOT","USD_CAP","A","2014",3989.28,
"GBR","HEALTHEXP","TOT","USD_CAP","A","2015",4125.26,
"GBR","HEALTHEXP","TOT","USD_CAP","A","2016",4192.455,"E"
"USA","HEALTHEXP","TOT","USD_CAP","A","2000",4559.009,
"USA","HEALTHEXP","TOT","USD_CAP","A","2001",4910.696,
"USA","HEALTHEXP","TOT","USD_CAP","A","2002",5327.85,
"USA","HEALTHEXP","TOT","USD_CAP","A","2003",5737.323,
"USA","HEALTHEXP","TOT","USD_CAP","A","2004",6095.948,
"USA","HEALTHEXP","TOT","USD_CAP","A","2005",6444.643,
"USA","HEALTHEXP","TOT","USD_CAP","A","2006",6807.968,
"USA","HEALTHEXP","TOT","USD_CAP","A","2007",7161.463,
"USA","HEALTHEXP","TOT","USD_CAP","A","2008",7402.501,
"USA","HEALTHEXP","TOT","USD_CAP","A","2009",7679.031,
"USA","HEALTHEXP","TOT","USD_CAP","A","2010",7931.732,
"USA","HEALTHEXP","TOT","USD_CAP","A","2011",8144.82,
"USA","HEALTHEXP","TOT","USD_CAP","A","2012",8414.703,
"USA","HEALTHEXP","TOT","USD_CAP","A","2013",8616.384,
"USA","HEALTHEXP","TOT","USD_CAP","A","2014",9035.5,
"USA","HEALTHEXP","TOT","USD_CAP","A","2015",9507.196,
"USA","HEALTHEXP","TOT","USD_CAP","A","2016",9892.253,"E"
"CHL","HEALTHEXP","TOT","USD_CAP","A","2000",600.687,"E"
"CHL","HEALTHEXP","TOT","USD_CAP","A","2001",638.467,"E"
"CHL","HEALTHEXP","TOT","USD_CAP","A","2002",658.254,"E"
"CHL","HEALTHEXP","TOT","USD_CAP","A","2003",783.385,
"CHL","HEALTHEXP","TOT","USD_CAP","A","2004",803.88,
"CHL","HEALTHEXP","TOT","USD_CAP","A","2005",837.776,
"CHL","HEALTHEXP","TOT","USD_CAP","A","2006",936.207,
"CHL","HEALTHEXP","TOT","USD_CAP","A","2007",1031.034,
"CHL","HEALTHEXP","TOT","USD_CAP","A","2008",1097.287,
"CHL","HEALTHEXP","TOT","USD_CAP","A","2009",1150.055,
"CHL","HEALTHEXP","TOT","USD_CAP","A","2010",1219.651,
"CHL","HEALTHEXP","TOT","USD_CAP","A","2011",1358.197,
"CHL","HEALTHEXP","TOT","USD_CAP","A","2012",1485.319,
"CHL","HEALTHEXP","TOT","USD_CAP","A","2013",1622.75,
"CHL","HEALTHEXP","TOT","USD_CAP","A","2014",1736.846,
"CHL","HEALTHEXP","TOT","USD_CAP","A","2015",1877.331,
"CHL","HEALTHEXP","TOT","USD_CAP","A","2016",1976.967,"P"
"EST","HEALTHEXP","TOT","USD_CAP","A","2000",486.186,
"EST","HEALTHEXP","TOT","USD_CAP","A","2001",494.42,
"EST","HEALTHEXP","TOT","USD_CAP","A","2002",548.558,
"EST","HEALTHEXP","TOT","USD_CAP","A","2003",638.231,
"EST","HEALTHEXP","TOT","USD_CAP","A","2004",734.875,
"EST","HEALTHEXP","TOT","USD_CAP","A","2005",818.523,
"EST","HEALTHEXP","TOT","USD_CAP","A","2006",947.715,
"EST","HEALTHEXP","TOT","USD_CAP","A","2007",1104.005,
"EST","HEALTHEXP","TOT","USD_CAP","A","2008",1303.683,"B"
"EST","HEALTHEXP","TOT","USD_CAP","A","2009",1342.811,
"EST","HEALTHEXP","TOT","USD_CAP","A","2010",1369.551,
"EST","HEALTHEXP","TOT","USD_CAP","A","2011",1429.046,
"EST","HEALTHEXP","TOT","USD_CAP","A","2012",1516.447,
"EST","HEALTHEXP","TOT","USD_CAP","A","2013",1652.401,
"EST","HEALTHEXP","TOT","USD_CAP","A","2014",1772.684,
"EST","HEALTHEXP","TOT","USD_CAP","A","2015",1885.169,
"EST","HEALTHEXP","TOT","USD_CAP","A","2016",1989.001,"P"
"ISR","HEALTHEXP","TOT","USD_CAP","A","2000",1695.798,
"ISR","HEALTHEXP","TOT","USD_CAP","A","2001",1802.953,
"ISR","HEALTHEXP","TOT","USD_CAP","A","2002",1802.991,
"ISR","HEALTHEXP","TOT","USD_CAP","A","2003",1689.314,
"ISR","HEALTHEXP","TOT","USD_CAP","A","2004",1772.999,
"ISR","HEALTHEXP","TOT","USD_CAP","A","2005",1768.952,
"ISR","HEALTHEXP","TOT","USD_CAP","A","2006",1781.642,"B"
"ISR","HEALTHEXP","TOT","USD_CAP","A","2007",1900.537,
"ISR","HEALTHEXP","TOT","USD_CAP","A","2008",1918.194,
"ISR","HEALTHEXP","TOT","USD_CAP","A","2009",1948.727,
"ISR","HEALTHEXP","TOT","USD_CAP","A","2010",2033.618,
"ISR","HEALTHEXP","TOT","USD_CAP","A","2011",2138.774,
"ISR","HEALTHEXP","TOT","USD_CAP","A","2012",2261.405,
"ISR","HEALTHEXP","TOT","USD_CAP","A","2013",2423.346,
"ISR","HEALTHEXP","TOT","USD_CAP","A","2014",2595.481,
"ISR","HEALTHEXP","TOT","USD_CAP","A","2015",2712.958,
"ISR","HEALTHEXP","TOT","USD_CAP","A","2016",2775.696,
"SVN","HEALTHEXP","TOT","USD_CAP","A","2000",1403.936,"E"
"SVN","HEALTHEXP","TOT","USD_CAP","A","2001",1496.414,"E"
"SVN","HEALTHEXP","TOT","USD_CAP","A","2002",1623.612,
"SVN","HEALTHEXP","TOT","USD_CAP","A","2003",1707.865,
"SVN","HEALTHEXP","TOT","USD_CAP","A","2004",1806.753,
"SVN","HEALTHEXP","TOT","USD_CAP","A","2005",1907.253,
"SVN","HEALTHEXP","TOT","USD_CAP","A","2006",2011.231,
"SVN","HEALTHEXP","TOT","USD_CAP","A","2007",2068.092,
"SVN","HEALTHEXP","TOT","USD_CAP","A","2008",2325.314,
"SVN","HEALTHEXP","TOT","USD_CAP","A","2009",2354.828,
"SVN","HEALTHEXP","TOT","USD_CAP","A","2010",2379.531,
"SVN","HEALTHEXP","TOT","USD_CAP","A","2011",2459.958,
"SVN","HEALTHEXP","TOT","USD_CAP","A","2012",2517.065,
"SVN","HEALTHEXP","TOT","USD_CAP","A","2013",2586.043,
"SVN","HEALTHEXP","TOT","USD_CAP","A","2014",2647.447,
"SVN","HEALTHEXP","TOT","USD_CAP","A","2015",2730.8,
"SVN","HEALTHEXP","TOT","USD_CAP","A","2016",2834.772,"P"
"BRA","HEALTHEXP","TOT","USD_CAP","A","2000",640.164,"D"
"BRA","HEALTHEXP","TOT","USD_CAP","A","2001",670.052,"D"
"BRA","HEALTHEXP","TOT","USD_CAP","A","2002",686.689,"D"
"BRA","HEALTHEXP","TOT","USD_CAP","A","2003",680.577,"D"
"BRA","HEALTHEXP","TOT","USD_CAP","A","2004",742.9,"D"
"BRA","HEALTHEXP","TOT","USD_CAP","A","2005",914.457,"D"
"BRA","HEALTHEXP","TOT","USD_CAP","A","2006",978.469,"D"
"BRA","HEALTHEXP","TOT","USD_CAP","A","2007",1043.06,"D"
"BRA","HEALTHEXP","TOT","USD_CAP","A","2008",1100.027,"D"
"BRA","HEALTHEXP","TOT","USD_CAP","A","2009",1149.307,"D"
"BRA","HEALTHEXP","TOT","USD_CAP","A","2010",867.874,"B"
"BRA","HEALTHEXP","TOT","USD_CAP","A","2011",904.813,
"BRA","HEALTHEXP","TOT","USD_CAP","A","2012",933.69,
"BRA","HEALTHEXP","TOT","USD_CAP","A","2013",994.755,
"CHN","HEALTHEXP","TOT","USD_CAP","A","2000",133.246,"D"
"CHN","HEALTHEXP","TOT","USD_CAP","A","2001",145.51,"D"
"CHN","HEALTHEXP","TOT","USD_CAP","A","2002",168.267,"D"
"CHN","HEALTHEXP","TOT","USD_CAP","A","2003",189.195,"D"
"CHN","HEALTHEXP","TOT","USD_CAP","A","2004",208.473,"D"
"CHN","HEALTHEXP","TOT","USD_CAP","A","2005",235.071,"D"
"CHN","HEALTHEXP","TOT","USD_CAP","A","2006",263.648,"D"
"CHN","HEALTHEXP","TOT","USD_CAP","A","2007",293.566,"D"
"CHN","HEALTHEXP","TOT","USD_CAP","A","2008",346.844,"D"
"CHN","HEALTHEXP","TOT","USD_CAP","A","2009",419.948,"D"
"CHN","HEALTHEXP","TOT","USD_CAP","A","2010",450.338,"D"
"CHN","HEALTHEXP","TOT","USD_CAP","A","2011",515.14,"D"
"CHN","HEALTHEXP","TOT","USD_CAP","A","2012",588.63,"D"
"CHN","HEALTHEXP","TOT","USD_CAP","A","2013",655.574,"D"
"CHN","HEALTHEXP","TOT","USD_CAP","A","2014",733.26,"D"
"COL","HEALTHEXP","TOT","USD_CAP","A","2000",390.015,"D"
"COL","HEALTHEXP","TOT","USD_CAP","A","2001",404.07,"D"
"COL","HEALTHEXP","TOT","USD_CAP","A","2002",395.024,"D"
"COL","HEALTHEXP","TOT","USD_CAP","A","2003",431.989,"D"
"COL","HEALTHEXP","TOT","USD_CAP","A","2004",418.772,"D"
"COL","HEALTHEXP","TOT","USD_CAP","A","2005",484.152,"D"
"COL","HEALTHEXP","TOT","USD_CAP","A","2006",552.867,"D"
"COL","HEALTHEXP","TOT","USD_CAP","A","2007",613.448,"D"
"COL","HEALTHEXP","TOT","USD_CAP","A","2008",677.546,"D"
"COL","HEALTHEXP","TOT","USD_CAP","A","2009",726.485,"D"
"COL","HEALTHEXP","TOT","USD_CAP","A","2010",728.182,"D"
"COL","HEALTHEXP","TOT","USD_CAP","A","2011",768.88,"D"
"COL","HEALTHEXP","TOT","USD_CAP","A","2012",841.44,"D"
"COL","HEALTHEXP","TOT","USD_CAP","A","2013",874.735,"D"
"COL","HEALTHEXP","TOT","USD_CAP","A","2014",964.184,"D"
"IND","HEALTHEXP","TOT","USD_CAP","A","2000",85.211,"D"
"IND","HEALTHEXP","TOT","USD_CAP","A","2001",94.689,"D"
"IND","HEALTHEXP","TOT","USD_CAP","A","2002",96.042,"D"
"IND","HEALTHEXP","TOT","USD_CAP","A","2003",101.456,"D"
"IND","HEALTHEXP","TOT","USD_CAP","A","2004",108.733,"D"
"IND","HEALTHEXP","TOT","USD_CAP","A","2005",122.508,"D"
"IND","HEALTHEXP","TOT","USD_CAP","A","2006",134.735,"D"
"IND","HEALTHEXP","TOT","USD_CAP","A","2007",147.284,"D"
"IND","HEALTHEXP","TOT","USD_CAP","A","2008",157.86,"D"
"IND","HEALTHEXP","TOT","USD_CAP","A","2009",171.536,"D"
"IND","HEALTHEXP","TOT","USD_CAP","A","2010",184.687,"D"
"IND","HEALTHEXP","TOT","USD_CAP","A","2011",202.952,"D"
"IND","HEALTHEXP","TOT","USD_CAP","A","2012",216.829,"D"
"IND","HEALTHEXP","TOT","USD_CAP","A","2013",240.116,"D"
"IND","HEALTHEXP","TOT","USD_CAP","A","2014",269.27,"D"
"IDN","HEALTHEXP","TOT","USD_CAP","A","2000",91.04,"D"
"IDN","HEALTHEXP","TOT","USD_CAP","A","2001",107.404,"D"
"IDN","HEALTHEXP","TOT","USD_CAP","A","2002",114.274,"D"
"IDN","HEALTHEXP","TOT","USD_CAP","A","2003",134.576,"D"
"IDN","HEALTHEXP","TOT","USD_CAP","A","2004",133.92,"D"
"IDN","HEALTHEXP","TOT","USD_CAP","A","2005",169.854,"D"
"IDN","HEALTHEXP","TOT","USD_CAP","A","2006",189.83,"D"
"IDN","HEALTHEXP","TOT","USD_CAP","A","2007",218.151,"D"
"IDN","HEALTHEXP","TOT","USD_CAP","A","2008",210.766,"D"
"IDN","HEALTHEXP","TOT","USD_CAP","A","2009",220.83,"D"
"IDN","HEALTHEXP","TOT","USD_CAP","A","2010",230.262,"D"
"IDN","HEALTHEXP","TOT","USD_CAP","A","2011",243.468,"D"
"IDN","HEALTHEXP","TOT","USD_CAP","A","2012",276.872,"D"
"IDN","HEALTHEXP","TOT","USD_CAP","A","2013",295.145,"D"
"IDN","HEALTHEXP","TOT","USD_CAP","A","2014",302.499,"D"
"LVA","HEALTHEXP","TOT","USD_CAP","A","2000",436.541,"E"
"LVA","HEALTHEXP","TOT","USD_CAP","A","2001",523.292,"E"
"LVA","HEALTHEXP","TOT","USD_CAP","A","2002",580.964,"E"
"LVA","HEALTHEXP","TOT","USD_CAP","A","2003",605.359,"E"
"LVA","HEALTHEXP","TOT","USD_CAP","A","2004",761.389,
"LVA","HEALTHEXP","TOT","USD_CAP","A","2005",811.519,
"LVA","HEALTHEXP","TOT","USD_CAP","A","2006",904.26,
"LVA","HEALTHEXP","TOT","USD_CAP","A","2007",1045.357,
"LVA","HEALTHEXP","TOT","USD_CAP","A","2008",1093.119,
"LVA","HEALTHEXP","TOT","USD_CAP","A","2009",1039.317,
"LVA","HEALTHEXP","TOT","USD_CAP","A","2010",1081.676,
"LVA","HEALTHEXP","TOT","USD_CAP","A","2011",1101.782,
"LVA","HEALTHEXP","TOT","USD_CAP","A","2012",1151.918,
"LVA","HEALTHEXP","TOT","USD_CAP","A","2013",1224.49,
"LVA","HEALTHEXP","TOT","USD_CAP","A","2014",1310.84,
"LVA","HEALTHEXP","TOT","USD_CAP","A","2015",1434.35,
"LVA","HEALTHEXP","TOT","USD_CAP","A","2016",1466.262,"E"
"LTU","HEALTHEXP","TOT","USD_CAP","A","2000",523.273,"E"
"LTU","HEALTHEXP","TOT","USD_CAP","A","2001",568.965,"E"
"LTU","HEALTHEXP","TOT","USD_CAP","A","2002",643.984,"E"
"LTU","HEALTHEXP","TOT","USD_CAP","A","2003",745.67,"E"
"LTU","HEALTHEXP","TOT","USD_CAP","A","2004",718.025,
"LTU","HEALTHEXP","TOT","USD_CAP","A","2005",819.555,
"LTU","HEALTHEXP","TOT","USD_CAP","A","2006",962.904,
"LTU","HEALTHEXP","TOT","USD_CAP","A","2007",1099.161,
"LTU","HEALTHEXP","TOT","USD_CAP","A","2008",1304.263,
"LTU","HEALTHEXP","TOT","USD_CAP","A","2009",1336.124,
"LTU","HEALTHEXP","TOT","USD_CAP","A","2010",1372.066,
"LTU","HEALTHEXP","TOT","USD_CAP","A","2011",1484.718,
"LTU","HEALTHEXP","TOT","USD_CAP","A","2012",1550.425,
"LTU","HEALTHEXP","TOT","USD_CAP","A","2013",1636.967,
"LTU","HEALTHEXP","TOT","USD_CAP","A","2014",1743.253,
"LTU","HEALTHEXP","TOT","USD_CAP","A","2015",1883.284,
"LTU","HEALTHEXP","TOT","USD_CAP","A","2016",1970.191,"P"
"RUS","HEALTHEXP","TOT","USD_CAP","A","2000",367.103,
"RUS","HEALTHEXP","TOT","USD_CAP","A","2001",413.867,
"RUS","HEALTHEXP","TOT","USD_CAP","A","2002",475.518,
"RUS","HEALTHEXP","TOT","USD_CAP","A","2003",512.264,
"RUS","HEALTHEXP","TOT","USD_CAP","A","2004",522.751,
"RUS","HEALTHEXP","TOT","USD_CAP","A","2005",606.157,
"RUS","HEALTHEXP","TOT","USD_CAP","A","2006",764.796,
"RUS","HEALTHEXP","TOT","USD_CAP","A","2007",851.057,
"RUS","HEALTHEXP","TOT","USD_CAP","A","2008",1065.269,
"RUS","HEALTHEXP","TOT","USD_CAP","A","2009",1179.585,
"RUS","HEALTHEXP","TOT","USD_CAP","A","2010",1095.314,
"RUS","HEALTHEXP","TOT","USD_CAP","A","2011",1162.387,
"RUS","HEALTHEXP","TOT","USD_CAP","A","2012",1271.693,
"RUS","HEALTHEXP","TOT","USD_CAP","A","2013",1330.579,
"RUS","HEALTHEXP","TOT","USD_CAP","A","2014",1338.229,
"RUS","HEALTHEXP","TOT","USD_CAP","A","2015",1350.957,
"ZAF","HEALTHEXP","TOT","USD_CAP","A","2000",622.172,"D"
"ZAF","HEALTHEXP","TOT","USD_CAP","A","2001",663.403,"D"
"ZAF","HEALTHEXP","TOT","USD_CAP","A","2002",675.172,"D"
"ZAF","HEALTHEXP","TOT","USD_CAP","A","2003",715.216,"D"
"ZAF","HEALTHEXP","TOT","USD_CAP","A","2004",728.425,"D"
"ZAF","HEALTHEXP","TOT","USD_CAP","A","2005",765.893,"D"
"ZAF","HEALTHEXP","TOT","USD_CAP","A","2006",801.415,"D"
"ZAF","HEALTHEXP","TOT","USD_CAP","A","2007",851.394,"D"
"ZAF","HEALTHEXP","TOT","USD_CAP","A","2008",908.706,"D"
"ZAF","HEALTHEXP","TOT","USD_CAP","A","2009",962.367,"D"
"ZAF","HEALTHEXP","TOT","USD_CAP","A","2010",1003.392,"D"
"ZAF","HEALTHEXP","TOT","USD_CAP","A","2011",1055.093,"D"
"ZAF","HEALTHEXP","TOT","USD_CAP","A","2012",1104.849,"D"
"ZAF","HEALTHEXP","TOT","USD_CAP","A","2013",1127.906,"D"
"ZAF","HEALTHEXP","TOT","USD_CAP","A","2014",1148.873,"D"
"CRI","HEALTHEXP","TOT","USD_CAP","A","2000",548.043,"D"
"CRI","HEALTHEXP","TOT","USD_CAP","A","2001",564.515,"D"
"CRI","HEALTHEXP","TOT","USD_CAP","A","2002",657.987,"D"
"CRI","HEALTHEXP","TOT","USD_CAP","A","2003",722.015,"D"
"CRI","HEALTHEXP","TOT","USD_CAP","A","2004",702.639,"D"
"CRI","HEALTHEXP","TOT","USD_CAP","A","2005",750.694,"D"
"CRI","HEALTHEXP","TOT","USD_CAP","A","2006",838.158,"D"
"CRI","HEALTHEXP","TOT","USD_CAP","A","2007",979.511,"D"
"CRI","HEALTHEXP","TOT","USD_CAP","A","2008",1087.917,"D"
"CRI","HEALTHEXP","TOT","USD_CAP","A","2009",1150.113,"D"
"CRI","HEALTHEXP","TOT","USD_CAP","A","2010",1200.819,"D"
"CRI","HEALTHEXP","TOT","USD_CAP","A","2011",1274.15,"D"
"CRI","HEALTHEXP","TOT","USD_CAP","A","2012",1323.49,"D"
"CRI","HEALTHEXP","TOT","USD_CAP","A","2013",1359.993,"D"
"CRI","HEALTHEXP","TOT","USD_CAP","A","2014",1389.877,"D"
